{
  "model_type": "tabnet",
  "imbalance_strategy": "class_weight",
  "model_config": {
    "max_epochs": 20,
    "patience": 10,
    "batch_size": 32768,
    "virtual_batch_size": 4096,
    "num_workers": 12,
    "validation_size": 0.1,
    "learning_rate": 0.005,
    "n_d": 32,
    "n_a": 32,
    "n_steps": 5,
    "gamma": 1.3,
    "class_weight_power": 0.45,
    "class_weight_max": 15.0,
    "show_progress": true
  },
  "accuracy": 0.9772974958888915,
  "precision_macro": 0.6209261026346493,
  "recall_macro": 0.7683980726058486,
  "f1_macro": 0.6649971494400614,
  "precision_weighted": 0.9820244368710939,
  "recall_weighted": 0.9772974958888915,
  "f1_weighted": 0.9790243484950648,
  "mean_confidence": 0.9790862202644348,
  "classification_report": {
    "BENIGN": {
      "precision": 0.9975620243077207,
      "recall": 0.9747437420263076,
      "f1-score": 0.9860208868976826,
      "support": 454620.0
    },
    "Bot": {
      "precision": 0.32505910165484636,
      "recall": 0.6997455470737913,
      "f1-score": 0.44390637610976597,
      "support": 393.0
    },
    "DDoS": {
      "precision": 0.9932445624585107,
      "recall": 0.9933609310317895,
      "f1-score": 0.993302743336913,
      "support": 25606.0
    },
    "DoS GoldenEye": {
      "precision": 0.857262452909167,
      "recall": 0.9946576007770762,
      "f1-score": 0.920863309352518,
      "support": 2059.0
    },
    "DoS Hulk": {
      "precision": 0.934264601680332,
      "recall": 0.9985502542464568,
      "f1-score": 0.9653383537286895,
      "support": 46215.0
    },
    "DoS Slowhttptest": {
      "precision": 0.9410745233968805,
      "recall": 0.9872727272727273,
      "f1-score": 0.963620230700976,
      "support": 1100.0
    },
    "DoS slowloris": {
      "precision": 0.9294403892944039,
      "recall": 0.9887834339948232,
      "f1-score": 0.9581939799331104,
      "support": 1159.0
    },
    "FTP-Patator": {
      "precision": 0.9937146448774355,
      "recall": 0.9955919395465995,
      "f1-score": 0.9946524064171123,
      "support": 1588.0
    },
    "Heartbleed": {
      "precision": 0.5,
      "recall": 1.0,
      "f1-score": 0.6666666666666666,
      "support": 2.0
    },
    "Infiltration": {
      "precision": 0.0,
      "recall": 0.0,
      "f1-score": 0.0,
      "support": 7.0
    },
    "PortScan": {
      "precision": 0.8576170848432875,
      "recall": 0.9753350531680615,
      "f1-score": 0.91269595937293,
      "support": 31786.0
    },
    "SSH-Patator": {
      "precision": 0.8141654978962132,
      "recall": 0.9847328244274809,
      "f1-score": 0.891362763915547,
      "support": 1179.0
    },
    "Web Attack Brute Force": {
      "precision": 0.13971742543171115,
      "recall": 0.8870431893687708,
      "f1-score": 0.24141048824593128,
      "support": 301.0
    },
    "Web Attack Sql Injection": {
      "precision": 0.0,
      "recall": 0.0,
      "f1-score": 0.0,
      "support": 4.0
    },
    "Web Attack XSS": {
      "precision": 0.03076923076923077,
      "recall": 0.046153846153846156,
      "f1-score": 0.036923076923076927,
      "support": 130.0
    },
    "accuracy": 0.9772974958888915,
    "macro avg": {
      "precision": 0.6209261026346493,
      "recall": 0.7683980726058486,
      "f1-score": 0.6649971494400614,
      "support": 566149.0
    },
    "weighted avg": {
      "precision": 0.9820244368710939,
      "recall": 0.9772974958888915,
      "f1-score": 0.9790243484950648,
      "support": 566149.0
    }
  }
}