{
  "model_type": "tabnet",
  "imbalance_strategy": "class_weight",
  "model_config": {
    "max_epochs": 3,
    "patience": 2,
    "batch_size": 4096,
    "virtual_batch_size": 512,
    "num_workers": 8,
    "validation_size": 0.1,
    "learning_rate": 0.02,
    "show_progress": true
  },
  "accuracy": 0.059375,
  "precision_macro": 0.06458890295952348,
  "recall_macro": 0.09807692307692308,
  "f1_macro": 0.0336090807788921,
  "precision_weighted": 0.3390433727311102,
  "recall_weighted": 0.059375,
  "f1_weighted": 0.03403216896141424,
  "mean_confidence": 0.1605972945690155,
  "classification_report": {
    "BENIGN": {
      "precision": 0.4,
      "recall": 0.007692307692307693,
      "f1-score": 0.01509433962264151,
      "support": 260.0
    },
    "Bot": {
      "precision": 0.0,
      "recall": 0.0,
      "f1-score": 0.0,
      "support": 0.0
    },
    "DDoS": {
      "precision": 0.0,
      "recall": 0.0,
      "f1-score": 0.0,
      "support": 19.0
    },
    "DoS GoldenEye": {
      "precision": 0.0,
      "recall": 0.0,
      "f1-score": 0.0,
      "support": 0.0
    },
    "DoS Hulk": {
      "precision": 0.02912621359223301,
      "recall": 0.375,
      "f1-score": 0.05405405405405406,
      "support": 8.0
    },
    "DoS Slowhttptest": {
      "precision": 0.0,
      "recall": 0.0,
      "f1-score": 0.0,
      "support": 0.0
    },
    "DoS slowloris": {
      "precision": 0.0,
      "recall": 0.0,
      "f1-score": 0.0,
      "support": 0.0
    },
    "FTP-Patator": {
      "precision": 0.0,
      "recall": 0.0,
      "f1-score": 0.0,
      "support": 2.0
    },
    "PortScan": {
      "precision": 0.15217391304347827,
      "recall": 0.5,
      "f1-score": 0.23333333333333334,
      "support": 28.0
    },
    "SSH-Patator": {
      "precision": 0.0,
      "recall": 0.0,
      "f1-score": 0.0,
      "support": 2.0
    },
    "Web Attack Brute Force": {
      "precision": 0.0,
      "recall": 0.0,
      "f1-score": 0.0,
      "support": 1.0
    },
    "accuracy": 0.059375,
    "macro avg": {
      "precision": 0.05284546605779194,
      "recall": 0.08024475524475524,
      "f1-score": 0.027498338819093537,
      "support": 320.0
    },
    "weighted avg": {
      "precision": 0.3390433727311102,
      "recall": 0.059375,
      "f1-score": 0.03403216896141424,
      "support": 320.0
    }
  }
}