{
  "model_type": "tabnet",
  "imbalance_strategy": "class_weight",
  "model_config": {
    "max_epochs": 20,
    "patience": 10,
    "batch_size": 32768,
    "virtual_batch_size": 4096,
    "num_workers": 12,
    "validation_size": 0.1,
    "learning_rate": 0.003,
    "n_d": 32,
    "n_a": 32,
    "n_steps": 5,
    "gamma": 1.3,
    "class_weight_power": 0.6,
    "class_weight_max": 20.0,
    "show_progress": true
  },
  "accuracy": 0.972162805197925,
  "precision_macro": 0.5281472614515926,
  "recall_macro": 0.6969366546607907,
  "f1_macro": 0.5522840279947416,
  "precision_weighted": 0.9814923748479855,
  "recall_weighted": 0.972162805197925,
  "f1_weighted": 0.9757065903342222,
  "mean_confidence": 0.9723745584487915,
  "classification_report": {
    "BENIGN": {
      "precision": 0.9962510066114919,
      "recall": 0.9714860762834895,
      "f1-score": 0.983712702087781,
      "support": 454620.0
    },
    "Bot": {
      "precision": 0.10177552314521243,
      "recall": 0.816793893129771,
      "f1-score": 0.18099802650126867,
      "support": 393.0
    },
    "DDoS": {
      "precision": 0.9979077020251865,
      "recall": 0.9871905022260408,
      "f1-score": 0.9925201719771483,
      "support": 25606.0
    },
    "DoS GoldenEye": {
      "precision": 0.7948214986269125,
      "recall": 0.9839728023312287,
      "f1-score": 0.8793402777777778,
      "support": 2059.0
    },
    "DoS Hulk": {
      "precision": 0.9399775807602161,
      "recall": 0.9979443903494536,
      "f1-score": 0.9680940386230059,
      "support": 46215.0
    },
    "DoS Slowhttptest": {
      "precision": 0.833063209076175,
      "recall": 0.9345454545454546,
      "f1-score": 0.8808911739502999,
      "support": 1100.0
    },
    "DoS slowloris": {
      "precision": 0.5377629063097514,
      "recall": 0.9706643658326143,
      "f1-score": 0.6920947400799754,
      "support": 1159.0
    },
    "FTP-Patator": {
      "precision": 0.9936061381074168,
      "recall": 0.4892947103274559,
      "f1-score": 0.6556962025316456,
      "support": 1588.0
    },
    "Heartbleed": {
      "precision": 0.0,
      "recall": 0.0,
      "f1-score": 0.0,
      "support": 2.0
    },
    "Infiltration": {
      "precision": 0.05454545454545454,
      "recall": 0.42857142857142855,
      "f1-score": 0.0967741935483871,
      "support": 7.0
    },
    "PortScan": {
      "precision": 0.886691376614351,
      "recall": 0.963348644057132,
      "f1-score": 0.9234318455971049,
      "support": 31786.0
    },
    "SSH-Patator": {
      "precision": 0.6268898488120951,
      "recall": 0.9847328244274809,
      "f1-score": 0.766083800725833,
      "support": 1179.0
    },
    "Web Attack Brute Force": {
      "precision": 0.13608562691131498,
      "recall": 0.8870431893687708,
      "f1-score": 0.2359699513919576,
      "support": 301.0
    },
    "Web Attack Sql Injection": {
      "precision": 0.0,
      "recall": 0.0,
      "f1-score": 0.0,
      "support": 4.0
    },
    "Web Attack XSS": {
      "precision": 0.0228310502283105,
      "recall": 0.038461538461538464,
      "f1-score": 0.02865329512893983,
      "support": 130.0
    },
    "accuracy": 0.972162805197925,
    "macro avg": {
      "precision": 0.5281472614515926,
      "recall": 0.6969366546607907,
      "f1-score": 0.5522840279947416,
      "support": 566149.0
    },
    "weighted avg": {
      "precision": 0.9814923748479855,
      "recall": 0.972162805197925,
      "f1-score": 0.9757065903342222,
      "support": 566149.0
    }
  }
}