{
  "model_type": "tabnet",
  "imbalance_strategy": "class_weight",
  "model_config": {
    "max_epochs": 1,
    "patience": 1,
    "batch_size": 32768,
    "virtual_batch_size": 4096,
    "num_workers": 12,
    "validation_size": 0.1,
    "learning_rate": 0.02,
    "n_d": 32,
    "n_a": 32,
    "n_steps": 5,
    "gamma": 1.3,
    "show_progress": true
  },
  "accuracy": 0.008125,
  "precision_macro": 0.0050056730167924775,
  "recall_macro": 0.054125816993464054,
  "f1_macro": 0.007330559834243226,
  "precision_weighted": 0.0032182573836194413,
  "recall_weighted": 0.008125,
  "f1_weighted": 0.004408466391218396,
  "mean_confidence": 0.23474712669849396,
  "classification_report": {
    "BENIGN": {
      "precision": 0.0,
      "recall": 0.0,
      "f1-score": 0.0,
      "support": 2600.0
    },
    "Bot": {
      "precision": 0.0,
      "recall": 0.0,
      "f1-score": 0.0,
      "support": 2.0
    },
    "DDoS": {
      "precision": 0.05011389521640091,
      "recall": 0.10784313725490197,
      "f1-score": 0.06842923794712286,
      "support": 204.0
    },
    "DoS GoldenEye": {
      "precision": 0.007731958762886598,
      "recall": 0.375,
      "f1-score": 0.015151515151515152,
      "support": 8.0
    },
    "DoS Hulk": {
      "precision": 0.0,
      "recall": 0.0,
      "f1-score": 0.0,
      "support": 139.0
    },
    "DoS Slowhttptest": {
      "precision": 0.0,
      "recall": 0.0,
      "f1-score": 0.0,
      "support": 2.0
    },
    "DoS slowloris": {
      "precision": 0.0,
      "recall": 0.0,
      "f1-score": 0.0,
      "support": 4.0
    },
    "FTP-Patator": {
      "precision": 0.0,
      "recall": 0.0,
      "f1-score": 0.0,
      "support": 7.0
    },
    "PortScan": {
      "precision": 0.0,
      "recall": 0.0,
      "f1-score": 0.0,
      "support": 224.0
    },
    "SSH-Patator": {
      "precision": 0.0022222222222222222,
      "recall": 0.16666666666666666,
      "f1-score": 0.0043859649122807015,
      "support": 6.0
    },
    "Web Attack Brute Force": {
      "precision": 0.0,
      "recall": 0.0,
      "f1-score": 0.0,
      "support": 2.0
    },
    "Web Attack XSS": {
      "precision": 0.0,
      "recall": 0.0,
      "f1-score": 0.0,
      "support": 2.0
    },
    "accuracy": 0.008125,
    "macro avg": {
      "precision": 0.0050056730167924775,
      "recall": 0.054125816993464054,
      "f1-score": 0.007330559834243226,
      "support": 3200.0
    },
    "weighted avg": {
      "precision": 0.0032182573836194413,
      "recall": 0.008125,
      "f1-score": 0.004408466391218396,
      "support": 3200.0
    }
  }
}