{
  "model_type": "tabnet",
  "imbalance_strategy": "class_weight",
  "model_config": {
    "max_epochs": 20,
    "patience": 10,
    "batch_size": 32768,
    "virtual_batch_size": 4096,
    "num_workers": 12,
    "validation_size": 0.1,
    "learning_rate": 0.005,
    "n_d": 32,
    "n_a": 32,
    "n_steps": 5,
    "gamma": 1.3,
    "class_weight_power": 0.5,
    "class_weight_max": 20.0,
    "show_progress": true
  },
  "accuracy": 0.9715075006756172,
  "precision_macro": 0.600671892411627,
  "recall_macro": 0.7666294946775654,
  "f1_macro": 0.649644231982813,
  "precision_weighted": 0.9783524554345888,
  "recall_weighted": 0.9715075006756172,
  "f1_weighted": 0.9737834895367483,
  "mean_confidence": 0.9767840504646301,
  "classification_report": {
    "BENIGN": {
      "precision": 0.9985817891729604,
      "recall": 0.9664489023800097,
      "f1-score": 0.9822526215304752,
      "support": 454620.0
    },
    "Bot": {
      "precision": 0.28428428428428426,
      "recall": 0.72264631043257,
      "f1-score": 0.40804597701149425,
      "support": 393.0
    },
    "DDoS": {
      "precision": 0.9903939264825503,
      "recall": 0.9985550261657424,
      "f1-score": 0.9944577329210664,
      "support": 25606.0
    },
    "DoS GoldenEye": {
      "precision": 0.8227438284095507,
      "recall": 0.9873725109276348,
      "f1-score": 0.8975717439293598,
      "support": 2059.0
    },
    "DoS Hulk": {
      "precision": 0.9167334348209278,
      "recall": 0.9903061776479498,
      "f1-score": 0.952100604333309,
      "support": 46215.0
    },
    "DoS Slowhttptest": {
      "precision": 0.8497652582159625,
      "recall": 0.9872727272727273,
      "f1-score": 0.913372582001682,
      "support": 1100.0
    },
    "DoS slowloris": {
      "precision": 0.9366776315789473,
      "recall": 0.9827437446074202,
      "f1-score": 0.9591578947368421,
      "support": 1159.0
    },
    "FTP-Patator": {
      "precision": 0.6598326359832636,
      "recall": 0.993073047858942,
      "f1-score": 0.7928607340372046,
      "support": 1588.0
    },
    "Heartbleed": {
      "precision": 0.5,
      "recall": 0.5,
      "f1-score": 0.5,
      "support": 2.0
    },
    "Infiltration": {
      "precision": 0.13636363636363635,
      "recall": 0.42857142857142855,
      "f1-score": 0.20689655172413793,
      "support": 7.0
    },
    "PortScan": {
      "precision": 0.8255952999896018,
      "recall": 0.9991505694330838,
      "f1-score": 0.9041193384006605,
      "support": 31786.0
    },
    "SSH-Patator": {
      "precision": 0.8676140613313388,
      "recall": 0.9838846480067854,
      "f1-score": 0.9220985691573926,
      "support": 1179.0
    },
    "Web Attack Brute Force": {
      "precision": 0.12393162393162394,
      "recall": 0.867109634551495,
      "f1-score": 0.21686746987951808,
      "support": 301.0
    },
    "Web Attack Sql Injection": {
      "precision": 0.0,
      "recall": 0.0,
      "f1-score": 0.0,
      "support": 4.0
    },
    "Web Attack XSS": {
      "precision": 0.0975609756097561,
      "recall": 0.09230769230769231,
      "f1-score": 0.09486166007905138,
      "support": 130.0
    },
    "accuracy": 0.9715075006756172,
    "macro avg": {
      "precision": 0.600671892411627,
      "recall": 0.7666294946775654,
      "f1-score": 0.649644231982813,
      "support": 566149.0
    },
    "weighted avg": {
      "precision": 0.9783524554345888,
      "recall": 0.9715075006756172,
      "f1-score": 0.9737834895367483,
      "support": 566149.0
    }
  }
}