{
  "model_type": "tabnet",
  "imbalance_strategy": "class_weight",
  "model_config": {
    "max_epochs": 20,
    "patience": 10,
    "batch_size": 32768,
    "virtual_batch_size": 4096,
    "num_workers": 12,
    "validation_size": 0.1,
    "learning_rate": 0.02,
    "n_d": 32,
    "n_a": 32,
    "n_steps": 5,
    "gamma": 1.3,
    "show_progress": true
  },
  "accuracy": 0.9431810353811453,
  "precision_macro": 0.512107479735314,
  "recall_macro": 0.8747524794535017,
  "f1_macro": 0.5721621355162018,
  "precision_weighted": 0.9735421786576401,
  "recall_weighted": 0.9431810353811453,
  "f1_weighted": 0.9559604715833653,
  "mean_confidence": 0.9690083861351013,
  "classification_report": {
    "BENIGN": {
      "precision": 0.9892345521374757,
      "recall": 0.9406867273767102,
      "f1-score": 0.9643500212531104,
      "support": 454620.0
    },
    "Bot": {
      "precision": 0.0376220562894888,
      "recall": 1.0,
      "f1-score": 0.07251591475228342,
      "support": 393.0
    },
    "DDoS": {
      "precision": 0.993552191861608,
      "recall": 0.986917128797938,
      "f1-score": 0.9902235457769244,
      "support": 25606.0
    },
    "DoS GoldenEye": {
      "precision": 0.599295981226166,
      "recall": 0.9922292374939291,
      "f1-score": 0.7472567666422824,
      "support": 2059.0
    },
    "DoS Hulk": {
      "precision": 0.9952848161554582,
      "recall": 0.9043384182624689,
      "f1-score": 0.9476345414763001,
      "support": 46215.0
    },
    "DoS Slowhttptest": {
      "precision": 0.4215194755109911,
      "recall": 0.9936363636363637,
      "f1-score": 0.5919306796642296,
      "support": 1100.0
    },
    "DoS slowloris": {
      "precision": 0.6807372175980975,
      "recall": 0.9879206212251941,
      "f1-score": 0.8060542062653995,
      "support": 1159.0
    },
    "FTP-Patator": {
      "precision": 0.5311973018549747,
      "recall": 0.9918136020151134,
      "f1-score": 0.6918515264660663,
      "support": 1588.0
    },
    "Heartbleed": {
      "precision": 1.0,
      "recall": 1.0,
      "f1-score": 1.0,
      "support": 2.0
    },
    "Infiltration": {
      "precision": 0.00851581508515815,
      "recall": 1.0,
      "f1-score": 0.016887816646562123,
      "support": 7.0
    },
    "PortScan": {
      "precision": 0.8208599756659505,
      "recall": 0.9975775498647204,
      "f1-score": 0.9006319676205354,
      "support": 31786.0
    },
    "SSH-Patator": {
      "precision": 0.45016339869281047,
      "recall": 0.9346904156064462,
      "f1-score": 0.6076647366969947,
      "support": 1179.0
    },
    "Web Attack Brute Force": {
      "precision": 0.09855453350854139,
      "recall": 0.24916943521594684,
      "f1-score": 0.14124293785310735,
      "support": 301.0
    },
    "Web Attack Sql Injection": {
      "precision": 0.0021551724137931034,
      "recall": 0.25,
      "f1-score": 0.004273504273504274,
      "support": 4.0
    },
    "Web Attack XSS": {
      "precision": 0.05291970802919708,
      "recall": 0.8923076923076924,
      "f1-score": 0.09991386735572783,
      "support": 130.0
    },
    "accuracy": 0.9431810353811453,
    "macro avg": {
      "precision": 0.512107479735314,
      "recall": 0.8747524794535017,
      "f1-score": 0.5721621355162018,
      "support": 566149.0
    },
    "weighted avg": {
      "precision": 0.9735421786576401,
      "recall": 0.9431810353811453,
      "f1-score": 0.9559604715833653,
      "support": 566149.0
    }
  }
}