{
  "accuracy": 0.89375,
  "precision_macro": 0.34335265191429576,
  "recall_macro": 0.3242481203007519,
  "f1_macro": 0.33180591077010513,
  "precision_weighted": 0.8192601861608712,
  "recall_weighted": 0.89375,
  "f1_weighted": 0.853184498437056,
  "mean_confidence": 0.8771878480911255,
  "classification_report": {
    "BENIGN": {
      "precision": 0.8904109589041096,
      "recall": 1.0,
      "f1-score": 0.9420289855072463,
      "support": 260.0
    },
    "DDoS": {
      "precision": 0.9333333333333333,
      "recall": 0.7368421052631579,
      "f1-score": 0.8235294117647058,
      "support": 19.0
    },
    "DoS GoldenEye": {
      "precision": 0.0,
      "recall": 0.0,
      "f1-score": 0.0,
      "support": 1.0
    },
    "DoS Hulk": {
      "precision": 0.9230769230769231,
      "recall": 0.8571428571428571,
      "f1-score": 0.8888888888888888,
      "support": 14.0
    },
    "DoS Slowhttptest": {
      "precision": 0.0,
      "recall": 0.0,
      "f1-score": 0.0,
      "support": 0.0
    },
    "DoS slowloris": {
      "precision": 0.0,
      "recall": 0.0,
      "f1-score": 0.0,
      "support": 0.0
    },
    "FTP-Patator": {
      "precision": 0.0,
      "recall": 0.0,
      "f1-score": 0.0,
      "support": 1.0
    },
    "PortScan": {
      "precision": 0.0,
      "recall": 0.0,
      "f1-score": 0.0,
      "support": 23.0
    },
    "SSH-Patator": {
      "precision": 0.0,
      "recall": 0.0,
      "f1-score": 0.0,
      "support": 1.0
    },
    "Web Attack Brute Force": {
      "precision": 0.0,
      "recall": 0.0,
      "f1-score": 0.0,
      "support": 1.0
    },
    "accuracy": 0.89375,
    "macro avg": {
      "precision": 0.2746821215314366,
      "recall": 0.2593984962406015,
      "f1-score": 0.2654447286160841,
      "support": 320.0
    },
    "weighted avg": {
      "precision": 0.8192601861608712,
      "recall": 0.89375,
      "f1-score": 0.853184498437056,
      "support": 320.0
    }
  }
}